{
    "ndcg": {
        "NDCG@1": 0.42333,
        "NDCG@3": 0.48416,
        "NDCG@5": 0.51037,
        "NDCG@10": 0.53789,
        "NDCG@100": 0.57592,
        "NDCG@1000": 0.59134
    },
    "map": {
        "MAP@1": 0.39944,
        "MAP@3": 0.45935,
        "MAP@5": 0.47679,
        "MAP@10": 0.48894,
        "MAP@100": 0.49742,
        "MAP@1000": 0.49797
    },
    "recall": {
        "Recall@1": 0.39944,
        "Recall@3": 0.52561,
        "Recall@5": 0.58872,
        "Recall@10": 0.67233,
        "Recall@100": 0.846,
        "Recall@1000": 0.96833
    },
    "precision": {
        "P@1": 0.42333,
        "P@3": 0.19333,
        "P@5": 0.13333,
        "P@10": 0.07567,
        "P@100": 0.0096,
        "P@1000": 0.0011
    },
    "mrr": {
        "MRR@1": 0.42333,
        "MRR@3": 0.48278,
        "MRR@5": 0.49578,
        "MRR@10": 0.50648,
        "MRR@100": 0.5132,
        "MRR@1000": 0.51368
    }
}